-0,305125;-0,539331;-1,07789;-2,1473;4,28865;8,5773;17,1546;34,3092;68,6184;137,237;274,474
-0,305125;-0,539331;-1,07789;2,1473;0,03795;8,6212;17,2424;34,4848;68,9696;137,939;275,878
-0,305125;-0,539331;-1,07789;2,1473;-0,03795;8,5453;17,0906;34,1812;68,3624;136,725;273,45
-0,305125;-0,539331;1,07789;0,024825;0,01545;8,632;17,264;34,528;69,056;138,112;276,224
-0,305125;-0,539331;1,07789;0,024825;-0,01545;8,6011;17,2022;34,4044;68,8088;137,618;275,235
-0,305125;-0,539331;1,07789;-0,024825;-0,0036;8,5633;17,1266;34,2532;68,5064;137,013;274,026
-0,305125;-0,539331;1,07789;-0,024825;0,0036;8,5705;17,141;34,282;68,564;137,128;274,256
-0,305125;0,539331;0,00885;-0,0124;-0,01245;8,5765;17,153;34,306;68,612;137,224;274,448
-0,305125;0,539331;0,00885;-0,0124;0,01245;8,6014;17,2028;34,4056;68,8112;137,622;275,245
-0,305125;0,539331;0,00885;0,0124;0,00085;8,6146;17,2292;34,4584;68,9168;137,834;275,667
-0,305125;0,539331;0,00885;0,0124;-0,00085;8,6129;17,2258;34,4516;68,9032;137,806;275,613
-0,305125;0,539331;-0,00885;-0,0491;-0,02195;8,5126;17,0252;34,0504;68,1008;136,202;272,403
-0,305125;0,539331;-0,00885;-0,0491;0,02195;8,5565;17,113;34,226;68,452;136,904;273,808
-0,305125;0,539331;-0,00885;0,0491;-0,02785;8,6049;17,2098;34,4196;68,8392;137,678;275,357
-0,305125;0,539331;-0,00885;0,0491;0,02785;8,6606;17,3212;34,6424;69,2848;138,57;277,139
0,305125;0,0342813;-0,0443;-0,01935;0,01595;8,65;17,3;34,6;69,2;138,4;276,8
0,305125;0,0342813;-0,0443;-0,01935;-0,01595;8,6181;17,2362;34,4724;68,9448;137,89;0
0,305125;0,0342813;-0,0443;0,01935;-0,06275;8,61;17,22;34,44;68,88;137,76;0
0,305125;0,0342813;-0,0443;0,01935;0,06275;8,7355;17,471;34,942;69,884;139,768;0
0,305125;0,0342813;0,0443;0,1017;-0,0373;8,8064;17,6128;35,2256;70,4512;140,902;0
0,305125;0,0342813;0,0443;0,1017;0,0373;8,881;17,762;35,524;71,048;142,096;0
0,305125;0,0342813;0,0443;-0,1017;-0,0119;8,6284;17,2568;34,5136;69,0272;138,054;0
0,305125;0,0342813;0,0443;-0,1017;0,0119;8,6522;17,3044;34,6088;69,2176;138,435;0
0,305125;-0,0342813;-0,0260875;0,00215;0,025;8,6302;17,2604;34,5208;69,0416;138,083;0
0,305125;-0,0342813;-0,0260875;0,00215;-0,025;8,5802;17,1604;34,3208;68,6416;137,283;0
0,305125;-0,0342813;-0,0260875;-0,00215;-0,0036;8,5973;17,1946;34,3892;68,7784;137,557;0
0,305125;-0,0342813;-0,0260875;-0,00215;0,0036;8,6045;17,209;34,418;68,836;137,672;0
0,305125;-0,0342813;0,0260875;0,010375;-0,0072;8,6584;17,3168;34,6336;69,2672;138,534;0
0,305125;-0,0342813;0,0260875;0,010375;0,0072;8,6728;17,3456;34,6912;69,3824;138,765;0
0,305125;-0,0342813;0,0260875;-0,010375;0,00785;8,6527;17,3054;34,6108;69,2216;138,443;0
0,305125;-0,0342813;0,0260875;-0,010375;-0,00785;8,637;17,274;34,548;69,096;138,192;0
0,0632406;0,108487;0,04155;-0,010375;0,00125;8,6825;17,365;34,73;69,46;138,92;0
0,0632406;0,108487;0,04155;-0,010375;-0,00125;8,68;17,36;34,72;69,44;0;0
0,0632406;0,108487;0,04155;0,010375;-0,0237;8,6783;17,3566;34,7132;69,4264;0;0
0,0632406;0,108487;0,04155;0,010375;0,0237;8,7257;17,4514;34,9028;69,8056;0;0
0,0632406;0,108487;-0,04155;0,047475;0,0288;8,6848;17,3696;34,7392;69,4784;0;0
0,0632406;0,108487;-0,04155;0,047475;-0,0288;8,6272;17,2544;34,5088;69,0176;0;0
0,0632406;0,108487;-0,04155;-0,047475;0,01645;8,5775;17,155;34,31;68,62;0;0
0,0632406;0,108487;-0,04155;-0,047475;-0,01645;8,5446;17,0892;34,1784;68,3568;0;0
0,0632406;-0,108487;-0,03345;-0,0006;0,06665;8,4657;16,9314;33,8628;67,7256;0;0
0,0632406;-0,108487;-0,03345;-0,0006;-0,06665;8,3324;16,6648;33,3296;66,6592;0;0
0,0632406;-0,108487;-0,03345;0,0006;-0,05945;8,3408;16,6816;33,3632;66,7264;0;0
0,0632406;-0,108487;-0,03345;0,0006;0,05945;8,4597;16,9194;33,8388;67,6776;0;0
0,0632406;-0,108487;0,03345;-0,006;0,00225;8,4628;16,9256;33,8512;67,7024;0;0
0,0632406;-0,108487;0,03345;-0,006;-0,00225;8,4583;16,9166;33,8332;67,6664;0;0
0,0632406;-0,108487;0,03345;0,006;-0,00165;8,4709;16,9418;33,8836;67,7672;0;0
0,0632406;-0,108487;0,03345;0,006;0,00165;8,4742;16,9484;33,8968;67,7936;0;0
-0,0632406;0,0212188;-0,03885;0,023475;0,01215;8,4331;16,8662;33,7324;67,4648;0;0
-0,0632406;0,0212188;-0,03885;0,023475;-0,01215;8,4088;16,8176;33,6352;67,2704;0;0
-0,0632406;0,0212188;-0,03885;-0,023475;0,0137;8,3877;16,7754;33,5508;67,1016;0;0
-0,0632406;0,0212188;-0,03885;-0,023475;-0,0137;8,3603;16,7206;33,4412;66,8824;0;0
-0,0632406;0,0212188;0,03885;0,005325;-0,0191;8,4614;16,9228;33,8456;67,6912;0;0
-0,0632406;0,0212188;0,03885;0,005325;0,0191;8,4996;16,9992;33,9984;67,9968;0;0
-0,0632406;0,0212188;0,03885;-0,005325;-0,01045;8,4594;16,9188;33,8376;67,6752;0;0
-0,0632406;0,0212188;0,03885;-0,005325;0,01045;8,4803;16,9606;33,9212;67,8424;0;0
-0,0632406;-0,0212188;0,0082875;0,004325;0,0155;8,422;16,844;33,688;67,376;0;0
-0,0632406;-0,0212188;0,0082875;0,004325;-0,0155;8,391;16,782;33,564;67,128;0;0
-0,0632406;-0,0212188;0,0082875;-0,004325;-0,03505;8,3628;16,7256;33,4512;66,9024;0;0
-0,0632406;-0,0212188;0,0082875;-0,004325;0,03505;8,4329;16,8658;33,7316;67,4632;0;0
-0,0632406;-0,0212188;-0,0082875;0,0024;0,0055;8,3935;16,787;33,574;67,148;0;0
-0,0632406;-0,0212188;-0,0082875;0,0024;-0,0055;8,3825;16,765;33,53;67,06;0;0
-0,0632406;-0,0212188;-0,0082875;-0,0024;0,0243;8,4075;16,815;33,63;67,26;0;0
-0,0632406;-0,0212188;-0,0082875;-0,0024;-0,0243;8,3589;16,7178;33,4356;66,8712;0;0
-0,103156;-0,144838;-0,0152875;-0,005925;-0,0065;8,3823;16,7646;33,5292;67,0584;0;0
-0,103156;-0,144838;-0,0152875;-0,005925;0,0065;8,3953;16,7906;33,5812;67,1624;0;0
-0,103156;-0,144838;-0,0152875;0,005925;0,00035;8,401;16,802;33,604;0;0;0
-0,103156;-0,144838;-0,0152875;0,005925;-0,00035;8,4003;16,8006;33,6012;0;0;0
-0,103156;-0,144838;0,0152875;-0,02575;0,01195;8,4115;16,823;33,646;0;0;0
-0,103156;-0,144838;0,0152875;-0,02575;-0,01195;8,3876;16,7752;33,5504;0;0;0
-0,103156;-0,144838;0,0152875;0,02575;-0,01775;8,4333;16,8666;33,7332;0;0;0
-0,103156;-0,144838;0,0152875;0,02575;0,01775;8,4688;16,9376;33,8752;0;0;0
-0,103156;0,144838;-0,0771875;-0,0895;0,0093;8,5423;17,0846;34,1692;0;0;0
-0,103156;0,144838;-0,0771875;-0,0895;-0,0093;8,5237;17,0474;34,0948;0;0;0
-0,103156;0,144838;-0,0771875;0,0895;-0,0199;8,6921;17,3842;34,7684;0;0;0
-0,103156;0,144838;-0,0771875;0,0895;0,0199;8,7319;17,4638;34,9276;0;0;0
-0,103156;0,144838;0,0771875;-0,049975;0,0153;8,7422;17,4844;34,9688;0;0;0
-0,103156;0,144838;0,0771875;-0,049975;-0,0153;8,7116;17,4232;34,8464;0;0;0
-0,103156;0,144838;0,0771875;0,049975;0,00585;8,8327;17,6654;35,3308;0;0;0
-0,103156;0,144838;0,0771875;0,049975;-0,00585;8,821;17,642;35,284;0;0;0
0,103156;-0,00235;0,0094875;0,01045;-0,01045;8,7683;17,5366;35,0732;0;0;0
0,103156;-0,00235;0,0094875;0,01045;0,01045;8,7892;17,5784;35,1568;0;0;0
0,103156;-0,00235;0,0094875;-0,01045;0,06735;8,8252;17,6504;35,3008;0;0;0
0,103156;-0,00235;0,0094875;-0,01045;-0,06735;8,6905;17,381;34,762;0;0;0
0,103156;-0,00235;-0,0094875;-0,017975;0,00985;8,7412;17,4824;34,9648;0;0;0
0,103156;-0,00235;-0,0094875;-0,017975;-0,00985;8,7215;17,443;34,886;0;0;0
0,103156;-0,00235;-0,0094875;0,017975;-0,075;8,6923;17,3846;34,7692;0;0;0
0,103156;-0,00235;-0,0094875;0,017975;0,075;8,8423;17,6846;35,3692;0;0;0
0,103156;0,00235;-8,75E-05;0,001425;-0,00505;8,7598;17,5196;35,0392;0;0;0
0,103156;0,00235;-8,75E-05;0,001425;0,00505;8,7699;17,5398;35,0796;0;0;0
0,103156;0,00235;-8,75E-05;-0,001425;-0,0191;8,7429;17,4858;34,9716;0;0;0
0,103156;0,00235;-8,75E-05;-0,001425;0,0191;8,7811;17,5622;35,1244;0;0;0
0,103156;0,00235;8,75E-05;-0,0172;0,0004;8,7468;17,4936;34,9872;0;0;0
0,103156;0,00235;8,75E-05;-0,0172;-0,0004;8,746;17,492;34,984;0;0;0
0,103156;0,00235;8,75E-05;0,0172;0,0373;8,8181;17,6362;35,2724;0;0;0
0,103156;0,00235;8,75E-05;0,0172;-0,0373;8,7435;17,487;34,974;0;0;0
-0,0607969;0,0129438;-0,0761;-0,055925;-0,03305;8,7549;17,5098;35,0196;0;0;0
-0,0607969;0,0129438;-0,0761;-0,055925;0,03305;8,821;17,642;35,284;0;0;0
-0,0607969;0,0129438;-0,0761;0,055925;-0,027;8,8728;17,7456;35,4912;0;0;0
-0,0607969;0,0129438;-0,0761;0,055925;0,027;8,9268;17,8536;35,7072;0;0;0
-0,0607969;0,0129438;0,0761;0,054125;-0,0535;8,9967;17,9934;35,9868;0;0;0
-0,0607969;0,0129438;0,0761;0,054125;0,0535;9,1037;18,2074;36,4148;0;0;0
-0,0607969;0,0129438;0,0761;-0,054125;0,04105;8,983;17,966;35,932;0;0;0
-0,0607969;0,0129438;0,0761;-0,054125;-0,04105;8,9009;17,8018;35,6036;0;0;0
-0,0607969;-0,0129438;0,0138875;0,007325;-0,021;8,8943;17,7886;35,5772;0;0;0
-0,0607969;-0,0129438;0,0138875;0,007325;0,021;8,9363;17,8726;35,7452;0;0;0
-0,0607969;-0,0129438;0,0138875;-0,007325;0,02365;8,9243;17,8486;35,6972;0;0;0
-0,0607969;-0,0129438;0,0138875;-0,007325;-0,02365;8,877;17,754;35,508;0;0;0
-0,0607969;-0,0129438;-0,0138875;-0,0068;-0,0293;8,8441;17,6882;35,3764;0;0;0
-0,0607969;-0,0129438;-0,0138875;-0,0068;0,0293;8,9027;17,8054;35,6108;0;0;0
-0,0607969;-0,0129438;-0,0138875;0,0068;-0,0261;8,8609;17,7218;35,4436;0;0;0
-0,0607969;-0,0129438;-0,0138875;0,0068;0,0261;8,9131;17,8262;35,6524;0;0;0
0,0607969;-0,0366625;0,0248125;-0,024375;-0,0159;8,9765;17,953;35,906;0;0;0
0,0607969;-0,0366625;0,0248125;-0,024375;0,0159;9,0083;18,0166;36,0332;0;0;0
0,0607969;-0,0366625;0,0248125;0,024375;0,01785;9,059;18,118;36,236;0;0;0
0,0607969;-0,0366625;0,0248125;0,024375;-0,01785;9,0233;18,0466;36,0932;0;0;0
0,0607969;-0,0366625;-0,0248125;-0,0296;0,01335;8,9509;17,9018;35,8036;0;0;0
0,0607969;-0,0366625;-0,0248125;-0,0296;-0,01335;8,9242;17,8484;35,6968;0;0;0
0,0607969;-0,0366625;-0,0248125;0,0296;-0,03305;8,9637;17,9274;35,8548;0;0;0
0,0607969;-0,0366625;-0,0248125;0,0296;0,03305;9,0298;18,0596;36,1192;0;0;0
0,0607969;0,0366625;-0,0362125;-0,018925;0,01205;9,0222;18,0444;36,0888;0;0;0
0,0607969;0,0366625;-0,0362125;-0,018925;-0,01205;8,9981;17,9962;35,9924;0;0;0
0,0607969;0,0366625;-0,0362125;0,018925;-0,0122;9,0358;18,0716;36,1432;0;0;0
0,0607969;0,0366625;-0,0362125;0,018925;0,0122;9,0602;18,1204;36,2408;0;0;0
0,0607969;0,0366625;0,0362125;-0,0237;-0,0465;9,0313;18,0626;36,1252;0;0;0
0,0607969;0,0366625;0,0362125;-0,0237;0,0465;9,1243;18,2486;36,4972;0;0;0
0,0607969;0,0366625;0,0362125;0,0237;-0,0283;9,0969;18,1938;36,3876;0;0;0
0,0607969;0,0366625;0,0362125;0,0237;0,0283;9,1535;18,307;36,614;0;0;0
-0,0007375;-0,0151062;-0,125688;-0,028775;0,02065;9,1355;18,271;36,542;0;0;0
-0,0007375;-0,0151062;-0,125688;-0,028775;-0,02065;9,0942;18,1884;36,3768;0;0;0
-0,0007375;-0,0151062;-0,125688;0,028775;-0,0469;9,1255;18,251;36,502;0;0;0
-0,0007375;-0,0151062;-0,125688;0,028775;0,0469;9,2193;18,4386;0;0;0;0
-0,0007375;-0,0151062;0,125688;-0,1114;-0,0279;9,2557;18,5114;0;0;0;0
-0,0007375;-0,0151062;0,125688;-0,1114;0,0279;9,3115;18,623;0;0;0;0
-0,0007375;-0,0151062;0,125688;0,1114;0,0324;9,5388;19,0776;0;0;0;0
-0,0007375;-0,0151062;0,125688;0,1114;-0,0324;9,474;18,948;0;0;0;0
-0,0007375;0,0151062;0,034175;0,0703;0,0727;9,4767;18,9534;0;0;0;0
-0,0007375;0,0151062;0,034175;0,0703;-0,0727;9,3313;18,6626;0;0;0;0
-0,0007375;0,0151062;0,034175;-0,0703;-0,01;9,2534;18,5068;0;0;0;0
-0,0007375;0,0151062;0,034175;-0,0703;0,01;9,2734;18,5468;0;0;0;0
-0,0007375;0,0151062;-0,034175;0,04375;0,0615;9,3706;18,7412;0;0;0;0
-0,0007375;0,0151062;-0,034175;0,04375;-0,0615;9,2476;18,4952;0;0;0;0
-0,0007375;0,0151062;-0,034175;-0,04375;-0,0301;9,1915;18,383;0;0;0;0
-0,0007375;0,0151062;-0,034175;-0,04375;0,0301;9,2517;18,5034;0;0;0;0
0,0007375;-0,0531187;0,0026;0,020275;0,03535;9,291;18,582;0;0;0;0
0,0007375;-0,0531187;0,0026;0,020275;-0,03535;9,2203;18,4406;0;0;0;0
0,0007375;-0,0531187;0,0026;-0,020275;0,0021;9,2172;18,4344;0;0;0;0
0,0007375;-0,0531187;0,0026;-0,020275;-0,0021;9,213;18,426;0;0;0;0
0,0007375;-0,0531187;-0,0026;0,018825;-0,0109;9,2381;18,4762;0;0;0;0
0,0007375;-0,0531187;-0,0026;0,018825;0,0109;9,2599;18,5198;0;0;0;0
0,0007375;-0,0531187;-0,0026;-0,018825;0,01515;9,2265;18,453;0;0;0;0
0,0007375;-0,0531187;-0,0026;-0,018825;-0,01515;9,1962;18,3924;0;0;0;0
0,0007375;0,0531187;-0,119588;0,009925;0,01185;9,2412;18,4824;0;0;0;0
0,0007375;0,0531187;-0,119588;0,009925;-0,01185;9,2175;18,435;0;0;0;0
0,0007375;0,0531187;-0,119588;-0,009925;-0,0139;9,1956;18,3912;0;0;0;0
0,0007375;0,0531187;-0,119588;-0,009925;0,0139;9,2234;18,4468;0;0;0;0
0,0007375;0,0531187;0,119588;-0,0891;-0,101;9,2685;18,537;0;0;0;0
0,0007375;0,0531187;0,119588;-0,0891;0,101;9,4705;18,941;0;0;0;0
0,0007375;0,0531187;0,119588;0,0891;-0,0403;9,5074;19,0148;0;0;0;0
0,0007375;0,0531187;0,119588;0,0891;0,0403;9,588;19,176;0;0;0;0
-0,0046875;0,0739;0,0901375;0,059175;0,00605;9,5277;19,0554;0;0;0;0
-0,0046875;0,0739;0,0901375;0,059175;-0,00605;9,5156;19,0312;0;0;0;0
-0,0046875;0,0739;0,0901375;-0,059175;0,033;9,4363;18,8726;0;0;0;0
-0,0046875;0,0739;0,0901375;-0,059175;-0,033;9,3703;18,7406;0;0;0;0
-0,0046875;0,0739;-0,0901375;0,08055;0,03585;9,3986;18,7972;0;0;0;0
-0,0046875;0,0739;-0,0901375;0,08055;-0,03585;9,3269;18,6538;0;0;0;0
-0,0046875;0,0739;-0,0901375;-0,08055;0,02015;9,2218;18,4436;0;0;0;0
-0,0046875;0,0739;-0,0901375;-0,08055;-0,02015;9,1815;18,363;0;0;0;0
-0,0046875;-0,0739;-0,0025875;-0,0524;-0,01945;9,1501;18,3002;0;0;0;0
-0,0046875;-0,0739;-0,0025875;-0,0524;0,01945;9,189;18,378;0;0;0;0
-0,0046875;-0,0739;-0,0025875;0,0524;-0,00275;9,2716;18,5432;0;0;0;0
-0,0046875;-0,0739;-0,0025875;0,0524;0,00275;9,2771;18,5542;0;0;0;0
-0,0046875;-0,0739;0,0025875;-0,023175;-0,00395;9,2;18,4;0;0;0;0
-0,0046875;-0,0739;0,0025875;-0,023175;0,00395;9,2079;18,4158;0;0;0;0
-0,0046875;-0,0739;0,0025875;0,023175;-0,0336;9,2167;18,4334;0;0;0;0
-0,0046875;-0,0739;0,0025875;0,023175;0,0336;9,2839;18,5678;0;0;0;0
0,0046875;-0,0051;-0,0594125;-0,03075;-0,01875;9,1938;18,3876;0;0;0;0
0,0046875;-0,0051;-0,0594125;-0,03075;0,01875;9,2313;18,4626;0;0;0;0
0,0046875;-0,0051;-0,0594125;0,03075;-0,06405;9,21;18,42;0;0;0;0
0,0046875;-0,0051;-0,0594125;0,03075;0,06405;9,3381;18,6762;0;0;0;0
0,0046875;-0,0051;0,0594125;0,021525;-0,01825;9,3654;18,7308;0;0;0;0
0,0046875;-0,0051;0,0594125;0,021525;0,01825;9,4019;18,8038;0;0;0;0
0,0046875;-0,0051;0,0594125;-0,021525;-0,0088;9,3318;18,6636;0;0;0;0
0,0046875;-0,0051;0,0594125;-0,021525;0,0088;9,3494;18,6988;0;0;0;0
0,0046875;0,0051;0,0184875;0,0323;-0,0431;9,3206;18,6412;0;0;0;0
0,0046875;0,0051;0,0184875;0,0323;0,0431;9,4068;18,8136;0;0;0;0
0,0046875;0,0051;0,0184875;-0,0323;0,0077;9,3068;18,6136;0;0;0;0
0,0046875;0,0051;0,0184875;-0,0323;-0,0077;9,2914;18,5828;0;0;0;0
0,0046875;0,0051;-0,0184875;-0,021225;0,0373;9,3105;18,621;0;0;0;0
0,0046875;0,0051;-0,0184875;-0,021225;-0,0373;9,2359;18,4718;0;0;0;0
0,0046875;0,0051;-0,0184875;0,021225;-0,05245;9,2632;18,5264;0;0;0;0
0,0046875;0,0051;-0,0184875;0,021225;0,05245;9,3681;18,7362;0;0;0;0
-0,146209;0,0200812;0,03865;0,038075;0,01725;9,3316;18,6632;0;0;0;0
-0,146209;0,0200812;0,03865;0,038075;-0,01725;9,2971;18,5942;0;0;0;0
-0,146209;0,0200812;0,03865;-0,038075;-0,001;9,2372;18,4744;0;0;0;0
-0,146209;0,0200812;0,03865;-0,038075;0,001;9,2392;18,4784;0;0;0;0
-0,146209;0,0200812;-0,03865;-0,000375;0,0268;9,2254;18,4508;0;0;0;0
-0,146209;0,0200812;-0,03865;-0,000375;-0,0268;9,1718;18,3436;0;0;0;0
-0,146209;0,0200812;-0,03865;0,000375;0,00045;9,1998;18,3996;0;0;0;0
-0,146209;0,0200812;-0,03865;0,000375;-0,00045;9,1989;18,3978;0;0;0;0
-0,146209;-0,0200812;-0,0071625;-0,00585;-0,00235;9,1821;18,3642;0;0;0;0
-0,146209;-0,0200812;-0,0071625;-0,00585;0,00235;9,1868;18,3736;0;0;0;0
-0,146209;-0,0200812;-0,0071625;0,00585;0,01685;9,213;18,426;0;0;0;0
-0,146209;-0,0200812;-0,0071625;0,00585;-0,01685;9,1793;18,3586;0;0;0;0
-0,146209;-0,0200812;0,0071625;-0,033075;-0,00545;9,1661;18,3322;0;0;0;0
-0,146209;-0,0200812;0,0071625;-0,033075;0,00545;9,177;18,354;0;0;0;0
-0,146209;-0,0200812;0,0071625;0,033075;0,0409;9,2786;18,5572;0;0;0;0
-0,146209;-0,0200812;0,0071625;0,033075;-0,0409;9,1968;18,3936;0;0;0;0
0,146209;-0,0103;-0,0153625;-0,02145;-0,07445;9,3884;18,7768;0;0;0;0
0,146209;-0,0103;-0,0153625;-0,02145;0,07445;9,5373;19,0746;0;0;0;0
0,146209;-0,0103;-0,0153625;0,02145;0,04725;9,553;19,106;0;0;0;0
0,146209;-0,0103;-0,0153625;0,02145;-0,04725;9,4585;18,917;0;0;0;0
0,146209;-0,0103;0,0153625;-0,004225;0,0002;9,511;19,022;0;0;0;0
0,146209;-0,0103;0,0153625;-0,004225;-0,0002;9,5106;19,0212;0;0;0;0
0,146209;-0,0103;0,0153625;0,004225;-0,02125;9,498;18,996;0;0;0;0
0,146209;-0,0103;0,0153625;0,004225;0,02125;9,5405;19,081;0;0;0;0
0,146209;0,0103;0,0054625;-0,032175;0,00375;9,4973;18,9946;0;0;0;0
0,146209;0,0103;0,0054625;-0,032175;-0,00375;9,4898;18,9796;0;0;0;0
0,146209;0,0103;0,0054625;0,032175;0,0137;9,5716;19,1432;0;0;0;0
0,146209;0,0103;0,0054625;0,032175;-0,0137;9,5442;19,0884;0;0;0;0
0,146209;0,0103;-0,0054625;-0,00295;-0,01325;9,4986;18,9972;0;0;0;0
0,146209;0,0103;-0,0054625;-0,00295;0,01325;9,5251;19,0502;0;0;0;0
0,146209;0,0103;-0,0054625;0,00295;0,01775;9,5355;19,071;0;0;0;0
0,146209;0,0103;-0,0054625;0,00295;-0,01775;9,5;19;0;0;0;0
0,0535406;-0,00038125;-0,020325;0,005525;-0,00785;9,6009;19,2018;0;0;0;0
0,0535406;-0,00038125;-0,020325;0,005525;0,00785;9,6166;19,2332;0;0;0;0
0,0535406;-0,00038125;-0,020325;-0,005525;-0,0124;9,5853;19,1706;0;0;0;0
0,0535406;-0,00038125;-0,020325;-0,005525;0,0124;9,6101;19,2202;0;0;0;0
0,0535406;-0,00038125;0,020325;-0,036325;-0,03245;9,5751;19,1502;0;0;0;0
0,0535406;-0,00038125;0,020325;-0,036325;0,03245;9,64;19,28;0;0;0;0
0,0535406;-0,00038125;0,020325;0,036325;0,0272;9,7074;19,4148;0;0;0;0
0,0535406;-0,00038125;0,020325;0,036325;-0,0272;9,653;19,306;0;0;0;0
0,0535406;0,00038125;-0,0168625;0,055;0,04345;9,7059;19,4118;0;0;0;0
0,0535406;0,00038125;-0,0168625;0,055;-0,04345;9,619;19,238;0;0;0;0
0,0535406;0,00038125;-0,0168625;-0,055;0,03935;9,5918;19,1836;0;0;0;0
0,0535406;0,00038125;-0,0168625;-0,055;-0,03935;9,5131;19,0262;0;0;0;0
0,0535406;0,00038125;0,0168625;0,008875;-0,03805;9,612;19,224;0;0;0;0
0,0535406;0,00038125;0,0168625;0,008875;0,03805;9,6881;19,3762;0;0;0;0
0,0535406;0,00038125;0,0168625;-0,008875;-0,0276;9,6047;19,2094;0;0;0;0
0,0535406;0,00038125;0,0168625;-0,008875;0,0276;9,6599;19,3198;0;0;0;0
-0,0535406;-0,06485;0,0257;0,0007;0,0556;9,534;19,068;0;0;0;0
-0,0535406;-0,06485;0,0257;0,0007;-0,0556;9,4228;18,8456;0;0;0;0
-0,0535406;-0,06485;0,0257;-0,0007;0,0213;9,4983;18,9966;0;0;0;0
-0,0535406;-0,06485;0,0257;-0,0007;-0,0213;9,4557;18,9114;0;0;0;0
-0,0535406;-0,06485;-0,0257;0,00045;0,01135;9,4381;18,8762;0;0;0;0
-0,0535406;-0,06485;-0,0257;0,00045;-0,01135;9,4154;18,8308;0;0;0;0
-0,0535406;-0,06485;-0,0257;-0,00045;-0,03045;9,3954;18,7908;0;0;0;0
-0,0535406;-0,06485;-0,0257;-0,00045;0,03045;9,4563;18,9126;0;0;0;0
-0,0535406;0,06485;-0,061175;-0,012175;0,01275;9,5211;19,0422;0;0;0;0
-0,0535406;0,06485;-0,061175;-0,012175;-0,01275;9,4956;18,9912;0;0;0;0
-0,0535406;0,06485;-0,061175;0,012175;-0,0191;9,5136;19,0272;0;0;0;0
-0,0535406;0,06485;-0,061175;0,012175;0,0191;9,5518;19,1036;0;0;0;0
-0,0535406;0,06485;0,061175;0,001425;-0,0424;9,6019;19,2038;0;0;0;0
-0,0535406;0,06485;0,061175;0,001425;0,0424;9,6867;19,3734;0;0;0;0
-0,0535406;0,06485;0,061175;-0,001425;-0,03755;9,6039;19,2078;0;0;0;0
-0,0535406;0,06485;0,061175;-0,001425;0,03755;9,679;19,358;0;0;0;0
0,0287187;0,058175;0,04625;0,03955;0,01755;9,6577;19,3154;0;0;0;0
0,0287187;0,058175;0,04625;0,03955;-0,01755;9,6226;19,2452;0;0;0;0
0,0287187;0,058175;0,04625;-0,03955;0,05425;9,6153;19,2306;0;0;0;0
0,0287187;0,058175;0,04625;-0,03955;-0,05425;9,5068;19,0136;0;0;0;0
0,0287187;0,058175;-0,04625;0,0222;0,0129;9,5432;19,0864;0;0;0;0
0,0287187;0,058175;-0,04625;0,0222;-0,0129;9,5174;19,0348;0;0;0;0
0,0287187;0,058175;-0,04625;-0,0222;0,0056;9,4915;0;0;0;0;0
0,0287187;0,058175;-0,04625;-0,0222;-0,0056;9,4803;0;0;0;0;0
0,0287187;-0,058175;0,05825;0,0289;0,02045;9,5456;0;0;0;0;0
0,0287187;-0,058175;0,05825;0,0289;-0,02045;9,5047;0;0;0;0;0
0,0287187;-0,058175;0,05825;-0,0289;0,01235;9,4797;0;0;0;0;0
0,0287187;-0,058175;0,05825;-0,0289;-0,01235;9,455;0;0;0;0;0
0,0287187;-0,058175;-0,05825;0,0256;-0,00665;9,3987;0;0;0;0;0
0,0287187;-0,058175;-0,05825;0,0256;0,00665;9,412;0;0;0;0;0
0,0287187;-0,058175;-0,05825;-0,0256;0,04255;9,3967;0;0;0;0;0
0,0287187;-0,058175;-0,05825;-0,0256;-0,04255;9,3116;0;0;0;0;0
-0,0287187;-0,0085;-0,0109875;-0,0249;-0,02935;9,365;0;0;0;0;0
-0,0287187;-0,0085;-0,0109875;-0,0249;0,02935;9,4237;0;0;0;0;0
-0,0287187;-0,0085;-0,0109875;0,0249;-0,07015;9,374;0;0;0;0;0
-0,0287187;-0,0085;-0,0109875;0,0249;0,07015;9,5143;0;0;0;0;0
-0,0287187;-0,0085;0,0109875;-0,050025;-0,0161;9,3751;0;0;0;0;0
-0,0287187;-0,0085;0,0109875;-0,050025;0,0161;9,4073;0;0;0;0;0
-0,0287187;-0,0085;0,0109875;0,050025;0,00685;9,4981;0;0;0;0;0
-0,0287187;-0,0085;0,0109875;0,050025;-0,00685;9,4844;0;0;0;0;0
-0,0287187;0,0085;-0,0125875;-0,00445;-0,0141;9,4161;0;0;0;0;0
-0,0287187;0,0085;-0,0125875;-0,00445;0,0141;9,4443;0;0;0;0;0
-0,0287187;0,0085;-0,0125875;0,00445;0,0118;9,4509;0;0;0;0;0
-0,0287187;0,0085;-0,0125875;0,00445;-0,0118;9,4273;0;0;0;0;0
-0,0287187;0,0085;0,0125875;0,017825;0,00075;9,4784;0;0;0;0;0
-0,0287187;0,0085;0,0125875;0,017825;-0,00075;9,4769;0;0;0;0;0
-0,0287187;0,0085;0,0125875;-0,017825;0,0061;9,4481;0;0;0;0;0
-0,0287187;0,0085;0,0125875;-0,017825;-0,0061;9,4359;0;0;0;0;0
0,0527344;0,0782375;-0,021425;0,00795;0,0263;9,4697;0;0;0;0;0
0,0527344;0,0782375;-0,021425;0,00795;-0,0263;9,4171;0;0;0;0;0
0,0527344;0,0782375;-0,021425;-0,00795;-0,0193;9,4082;0;0;0;0;0
0,0527344;0,0782375;-0,021425;-0,00795;0,0193;9,4468;0;0;0;0;0
0,0527344;0,0782375;0,021425;0,0043;-0,0003;9,4823;0;0;0;0;0
0,0527344;0,0782375;0,021425;0,0043;0,0003;9,4829;0;0;0;0;0
0,0527344;0,0782375;0,021425;-0,0043;0,0079;9,4819;0;0;0;0;0
0,0527344;0,0782375;0,021425;-0,0043;-0,0079;9,4661;0;0;0;0;0
0,0527344;-0,0782375;0,024975;0,036625;0,0136;9,3756;0;0;0;0;0
0,0527344;-0,0782375;0,024975;0,036625;-0,0136;9,3484;0;0;0;0;0
0,0527344;-0,0782375;0,024975;-0,036625;0,00885;9,2976;0;0;0;0;0
0,0527344;-0,0782375;0,024975;-0,036625;-0,00885;9,2799;0;0;0;0;0
0,0527344;-0,0782375;-0,024975;0,015925;-0,01625;9,2751;0;0;0;0;0
0,0527344;-0,0782375;-0,024975;0,015925;0,01625;9,3076;0;0;0;0;0
0,0527344;-0,0782375;-0,024975;-0,015925;0,0289;9,2884;0;0;0;0;0
0,0527344;-0,0782375;-0,024975;-0,015925;-0,0289;9,2306;0;0;0;0;0
-0,0527344;-0,0490563;-3,75E-05;-0,012625;-0,04795;9,1635;0;0;0;0;0
-0,0527344;-0,0490563;-3,75E-05;-0,012625;0,04795;9,2594;0;0;0;0;0
-0,0527344;-0,0490563;-3,75E-05;0,012625;-0,0033;9,2334;0;0;0;0;0
-0,0527344;-0,0490563;-3,75E-05;0,012625;0,0033;9,24;0;0;0;0;0
-0,0527344;-0,0490563;3,75E-05;-0,003;-0,00535;9,2158;0;0;0;0;0
-0,0527344;-0,0490563;3,75E-05;-0,003;0,00535;9,2265;0;0;0;0;0
-0,0527344;-0,0490563;3,75E-05;0,003;0,01155;9,2387;0;0;0;0;0
-0,0527344;-0,0490563;3,75E-05;0,003;-0,01155;9,2156;0;0;0;0;0
-0,0527344;0,0490563;-0,011175;-0,02885;-0,0427;9,2395;0;0;0;0;0
-0,0527344;0,0490563;-0,011175;-0,02885;0,0427;9,3249;0;0;0;0;0
-0,0527344;0,0490563;-0,011175;0,02885;0,0262;9,3661;0;0;0;0;0
-0,0527344;0,0490563;-0,011175;0,02885;-0,0262;9,3137;0;0;0;0;0
-0,0527344;0,0490563;0,011175;0,01205;-0,00535;9,3401;0;0;0;0;0
-0,0527344;0,0490563;0,011175;0,01205;0,00535;9,3508;0;0;0;0;0
-0,0527344;0,0490563;0,011175;-0,01205;0,00425;9,3256;0;0;0;0;0
-0,0527344;0,0490563;0,011175;-0,01205;-0,00425;9,3171;0;0;0;0;0
-0,00795625;0,00478125;-0,0434375;0,00905;-0,01385;9,2459;0;0;0;0;0
-0,00795625;0,00478125;-0,0434375;0,00905;0,01385;9,2736;0;0;0;0;0
-0,00795625;0,00478125;-0,0434375;-0,00905;-0,01645;9,2252;0;0;0;0;0
-0,00795625;0,00478125;-0,0434375;-0,00905;0,01645;9,2581;0;0;0;0;0
-0,00795625;0,00478125;0,0434375;-0,000275;-0,0156;9,3217;0;0;0;0;0
-0,00795625;0,00478125;0,0434375;-0,000275;0,0156;9,3529;0;0;0;0;0
-0,00795625;0,00478125;0,0434375;0,000275;-0,02095;9,3169;0;0;0;0;0
-0,00795625;0,00478125;0,0434375;0,000275;0,02095;9,3588;0;0;0;0;0
-0,00795625;-0,00478125;-0,009925;0,01575;0,0101;9,3005;0;0;0;0;0
-0,00795625;-0,00478125;-0,009925;0,01575;-0,0101;9,2803;0;0;0;0;0
-0,00795625;-0,00478125;-0,009925;-0,01575;-0,005;9,2539;0;0;0;0;0
-0,00795625;-0,00478125;-0,009925;-0,01575;0,005;9,2639;0;0;0;0;0
-0,00795625;-0,00478125;0,009925;0,0082;-0,0132;9,2895;0;0;0;0;0
-0,00795625;-0,00478125;0,009925;0,0082;0,0132;9,3159;0;0;0;0;0
-0,00795625;-0,00478125;0,009925;-0,0082;0,0009;9,2872;0;0;0;0;0
-0,00795625;-0,00478125;0,009925;-0,0082;-0,0009;9,2854;0;0;0;0;0
0,00795625;-0,0293188;-0,03005;0,0241;-0,009;9,261;0;0;0;0;0
0,00795625;-0,0293188;-0,03005;0,0241;0,009;9,279;0;0;0;0;0
0,00795625;-0,0293188;-0,03005;-0,0241;0,0009;9,2227;0;0;0;0;0
0,00795625;-0,0293188;-0,03005;-0,0241;-0,0009;9,2209;0;0;0;0;0
0,00795625;-0,0293188;0,03005;-0,0421;-0,0398;9,2241;0;0;0;0;0
0,00795625;-0,0293188;0,03005;-0,0421;0,0398;9,3037;0;0;0;0;0
0,00795625;-0,0293188;0,03005;0,0421;-0,0083;9,3398;0;0;0;0;0
0,00795625;-0,0293188;0,03005;0,0421;0,0083;9,3564;0;0;0;0;0
0,00795625;0,0293188;0,0505125;-0,00085;-0,03365;9,3506;0;0;0;0;0
0,00795625;0,0293188;0,0505125;-0,00085;0,03365;9,4179;0;0;0;0;0
0,00795625;0,0293188;0,0505125;0,00085;0,02285;9,4088;0;0;0;0;0
0,00795625;0,0293188;0,0505125;0,00085;-0,02285;9,3631;0;0;0;0;0
0,00795625;0,0293188;-0,0505125;0,052425;0,0049;9,3414;0;0;0;0;0
0,00795625;0,0293188;-0,0505125;0,052425;-0,0049;9,3316;0;0;0;0;0
0,00795625;0,0293188;-0,0505125;-0,052425;0,03415;9,2658;0;0;0;0;0
0,00795625;0,0293188;-0,0505125;-0,052425;-0,03415;9,1975;0;0;0;0;0
-0,0350625;-0,0199625;0,0300875;0,048775;0,0242;9,4212;0;0;0;0;0
-0,0350625;-0,0199625;0,0300875;0,048775;-0,0242;9,3728;0;0;0;0;0
-0,0350625;-0,0199625;0,0300875;-0,048775;0,02035;9,3198;0;0;0;0;0
-0,0350625;-0,0199625;0,0300875;-0,048775;-0,02035;9,2791;0;0;0;0;0
-0,0350625;-0,0199625;-0,0300875;-0,03625;0,0092;9,261;0;0;0;0;0
-0,0350625;-0,0199625;-0,0300875;-0,03625;-0,0092;9,2426;0;0;0;0;0
-0,0350625;-0,0199625;-0,0300875;0,03625;-0,0301;9,2942;0;0;0;0;0
-0,0350625;-0,0199625;-0,0300875;0,03625;0,0301;9,3544;0;0;0;0;0
-0,0350625;0,0199625;0,0253875;0,0234;-0,00845;9,3984;0;0;0;0;0
-0,0350625;0,0199625;0,0253875;0,0234;0,00845;9,4153;0;0;0;0;0
-0,0350625;0,0199625;0,0253875;-0,0234;0,03225;9,3923;0;0;0;0;0
-0,0350625;0,0199625;0,0253875;-0,0234;-0,03225;9,3278;0;0;0;0;0
-0,0350625;0,0199625;-0,0253875;-0,011775;0,0212;9,3421;0;0;0;0;0
-0,0350625;0,0199625;-0,0253875;-0,011775;-0,0212;9,2997;0;0;0;0;0
-0,0350625;0,0199625;-0,0253875;0,011775;0,00615;9,3506;0;0;0;0;0
-0,0350625;0,0199625;-0,0253875;0,011775;-0,00615;9,3383;0;0;0;0;0
0,0350625;-0,006475;-0,03925;-0,0038;0,0046;9,3633;0;0;0;0;0
0,0350625;-0,006475;-0,03925;-0,0038;-0,0046;9,3541;0;0;0;0;0
0,0350625;-0,006475;-0,03925;0,0038;-0,0124;9,3539;0;0;0;0;0
0,0350625;-0,006475;-0,03925;0,0038;0,0124;9,3787;0;0;0;0;0
0,0350625;-0,006475;0,03925;-0,0154;0,0115;9,4371;0;0;0;0;0
0,0350625;-0,006475;0,03925;-0,0154;-0,0115;9,4141;0;0;0;0;0
0,0350625;-0,006475;0,03925;0,0154;-0,0191;9,4373;0;0;0;0;0
0,0350625;-0,006475;0,03925;0,0154;0,0191;9,4755;0;0;0;0;0
0,0350625;0,006475;0,031775;0,007575;-0,02395;9,4301;0;0;0;0;0
0,0350625;0,006475;0,031775;0,007575;0,02395;9,478;0;0;0;0;0
0,0350625;0,006475;0,031775;-0,007575;0,016;9,4549;0;0;0;0;0
0,0350625;0,006475;0,031775;-0,007575;-0,016;9,4229;0;0;0;0;0
0,0350625;0,006475;-0,031775;0,019175;-0,0223;9,3798;0;0;0;0;0
0,0350625;0,006475;-0,031775;0,019175;0,0223;9,4244;0;0;0;0;0
0,0350625;0,006475;-0,031775;-0,019175;0,02465;9,3884;0;0;0;0;0
0,0350625;0,006475;-0,031775;-0,019175;-0,02465;9,3391;0;0;0;0;0
0,00299062;-0,02495;-0,033675;0,0198;0,0362;9,2446;0;0;0;0;0
0,00299062;-0,02495;-0,033675;0,0198;-0,0362;9,1722;0;0;0;0;0
0,00299062;-0,02495;-0,033675;-0,0198;-0,0133;9,1555;0;0;0;0;0
0,00299062;-0,02495;-0,033675;-0,0198;0,0133;9,1821;0;0;0;0;0
0,00299062;-0,02495;0,033675;-0,01255;-0,0117;9,2317;0;0;0;0;0
0,00299062;-0,02495;0,033675;-0,01255;0,0117;9,2551;0;0;0;0;0
0,00299062;-0,02495;0,033675;0,01255;-0,0187;9,2498;0;0;0;0;0
0,00299062;-0,02495;0,033675;0,01255;0,0187;9,2872;0;0;0;0;0
0,00299062;0,02495;0,000425;0,00725;0,00295;9,2828;0;0;0;0;0
0,00299062;0,02495;0,000425;0,00725;-0,00295;9,2769;0;0;0;0;0
0,00299062;0,02495;0,000425;-0,00725;-0,01405;9,2513;0;0;0;0;0
0,00299062;0,02495;0,000425;-0,00725;0,01405;9,2794;0;0;0;0;0
0,00299062;0,02495;-0,000425;-0,02505;-0,0055;9,2412;0;0;0;0;0
0,00299062;0,02495;-0,000425;-0,02505;0,0055;9,2522;0;0;0;0;0
0,00299062;0,02495;-0,000425;0,02505;0,0027;9,2995;0;0;0;0;0
0,00299062;0,02495;-0,000425;0,02505;-0,0027;9,2941;0;0;0;0;0
-0,00299062;0,00274375;0,0164375;0,039225;0,02525;9,3249;0;0;0;0;0
-0,00299062;0,00274375;0,0164375;0,039225;-0,02525;9,2744;0;0;0;0;0
-0,00299062;0,00274375;0,0164375;-0,039225;0,0255;9,2467;0;0;0;0;0
-0,00299062;0,00274375;0,0164375;-0,039225;-0,0255;9,1957;0;0;0;0;0
-0,00299062;0,00274375;-0,0164375;-0,0231;-0,01475;9,1897;0;0;0;0;0
-0,00299062;0,00274375;-0,0164375;-0,0231;0,01475;9,2192;0;0;0;0;0
-0,00299062;0,00274375;-0,0164375;0,0231;0,01585;9,2665;0;0;0;0;0
-0,00299062;0,00274375;-0,0164375;0,0231;-0,01585;9,2348;0;0;0;0;0
-0,00299062;-0,00274375;0,0275;0,0018;0,011;9,2788;0;0;0;0;0
-0,00299062;-0,00274375;0,0275;0,0018;-0,011;9,2568;0;0;0;0;0
-0,00299062;-0,00274375;0,0275;-0,0018;-0,006;9,2582;0;0;0;0;0
-0,00299062;-0,00274375;0,0275;-0,0018;0,006;9,2702;0;0;0;0;0
-0,00299062;-0,00274375;-0,0275;0,042;0,0034;9,2564;0;0;0;0;0
-0,00299062;-0,00274375;-0,0275;0,042;-0,0034;9,2496;0;0;0;0;0
-0,00299062;-0,00274375;-0,0275;-0,042;0,0595;9,2285;0;0;0;0;0
-0,00299062;-0,00274375;-0,0275;-0,042;-0,0595;9,1095;0;0;0;0;0
-0,000909375;0,0068625;0,0540625;0,0305;-0,0081;9,1053;0;0;0;0;0
-0,000909375;0,0068625;0,0540625;0,0305;0,0081;9,1215;0;0;0;0;0
-0,000909375;0,0068625;0,0540625;-0,0305;0,0433;9,0957;0;0;0;0;0
-0,000909375;0,0068625;0,0540625;-0,0305;-0,0433;9,0091;0;0;0;0;0
-0,000909375;0,0068625;-0,0540625;0,019575;0,02615;9,0205;0;0;0;0;0
-0,000909375;0,0068625;-0,0540625;0,019575;-0,02615;8,9682;0;0;0;0;0
-0,000909375;0,0068625;-0,0540625;-0,019575;-0,0159;8,9393;0;0;0;0;0
-0,000909375;0,0068625;-0,0540625;-0,019575;0,0159;8,9711;0;0;0;0;0
-0,000909375;-0,0068625;-0,0130625;-0,0258;0,01155;8,9878;0;0;0;0;0
-0,000909375;-0,0068625;-0,0130625;-0,0258;-0,01155;8,9647;0;0;0;0;0
-0,000909375;-0,0068625;-0,0130625;0,0258;0,03375;9,0616;0;0;0;0;0
-0,000909375;-0,0068625;-0,0130625;0,0258;-0,03375;8,9941;0;0;0;0;0
-0,000909375;-0,0068625;0,0130625;0,013125;-0,0044;9,0369;0;0;0;0;0
-0,000909375;-0,0068625;0,0130625;0,013125;0,0044;9,0457;0;0;0;0;0
-0,000909375;-0,0068625;0,0130625;-0,013125;-0,00345;9,0116;0;0;0;0;0
-0,000909375;-0,0068625;0,0130625;-0,013125;0,00345;9,0185;0;0;0;0;0
0,000909375;-0,0505312;-0,0230125;0,01975;0,0203;8,9903;0;0;0;0;0
0,000909375;-0,0505312;-0,0230125;0,01975;-0,0203;8,9497;0;0;0;0;0
0,000909375;-0,0505312;-0,0230125;-0,01975;-0,0118;8,9187;0;0;0;0;0
0,000909375;-0,0505312;-0,0230125;-0,01975;0,0118;8,9423;0;0;0;0;0
0,000909375;-0,0505312;0,0230125;-0,024075;-0,0077;8,9645;0;0;0;0;0
0,000909375;-0,0505312;0,0230125;-0,024075;0,0077;8,9799;0;0;0;0;0
0,000909375;-0,0505312;0,0230125;0,024075;-0,00305;9,0173;0;0;0;0;0
0,000909375;-0,0505312;0,0230125;0,024075;0,00305;9,0234;0;0;0;0;0
0,000909375;0,0505312;-0,0149;-0,014875;-0,03255;9,012;0;0;0;0;0
0,000909375;0,0505312;-0,0149;-0,014875;0,03255;9,0771;0;0;0;0;0
0,000909375;0,0505312;-0,0149;0,014875;-0,0086;9,0657;0;0;0;0;0
0,000909375;0,0505312;-0,0149;0,014875;0,0086;9,0829;0;0;0;0;0
0,000909375;0,0505312;0,0149;-0,002075;-0,00295;9,0842;0;0;0;0;0
0,000909375;0,0505312;0,0149;-0,002075;0,00295;9,0901;0;0;0;0;0
0,000909375;0,0505312;0,0149;0,002075;-0,0068;9,0845;0;0;0;0;0
0,000909375;0,0505312;0,0149;0,002075;0,0068;9,0981;0;0;0;0;0
0,0355813;-0,0001875;0,007;-0,006925;-0,0033;9,0739;0;0;0;0;0
0,0355813;-0,0001875;0,007;-0,006925;0,0033;9,0805;0;0;0;0;0
0,0355813;-0,0001875;0,007;0,006925;0,01565;9,1067;0;0;0;0;0
0,0355813;-0,0001875;0,007;0,006925;-0,01565;9,0754;0;0;0;0;0
0,0355813;-0,0001875;-0,007;-2,50E-05;0,0231;9,0932;0;0;0;0;0
0,0355813;-0,0001875;-0,007;-2,50E-05;-0,0231;9,047;0;0;0;0;0
0,0355813;-0,0001875;-0,007;2,50E-05;-0,00975;9,0604;0;0;0;0;0
0,0355813;-0,0001875;-0,007;2,50E-05;0,00975;9,0799;0;0;0;0;0
0,0355813;0,0001875;0,00385;0,0095;0,01325;9,1041;0;0;0;0;0
0,0355813;0,0001875;0,00385;0,0095;-0,01325;9,0776;0;0;0;0;0
0,0355813;0,0001875;0,00385;-0,0095;-0,01775;9,0541;0;0;0;0;0
0,0355813;0,0001875;0,00385;-0,0095;0,01775;9,0896;0;0;0;0;0
0,0355813;0,0001875;-0,00385;0,00185;-0,005;9,0705;0;0;0;0;0
0,0355813;0,0001875;-0,00385;0,00185;0,005;9,0805;0;0;0;0;0
0,0355813;0,0001875;-0,00385;-0,00185;-0,0058;9,066;0;0;0;0;0
0,0355813;0,0001875;-0,00385;-0,00185;0,0058;9,0776;0;0;0;0;0
-0,0355813;-0,0144875;0,0143875;0,0176;0,05445;9,0781;0;0;0;0;0
-0,0355813;-0,0144875;0,0143875;0,0176;-0,05445;8,9692;0;0;0;0;0
-0,0355813;-0,0144875;0,0143875;-0,0176;-0,02465;8,9638;0;0;0;0;0
-0,0355813;-0,0144875;0,0143875;-0,0176;0,02465;9,0131;0;0;0;0;0
-0,0355813;-0,0144875;-0,0143875;0,015275;0,00755;9,0001;0;0;0;0;0
-0,0355813;-0,0144875;-0,0143875;0,015275;-0,00755;8,985;0;0;0;0;0
-0,0355813;-0,0144875;-0,0143875;-0,015275;-0,0137;8,9483;0;0;0;0;0
-0,0355813;-0,0144875;-0,0143875;-0,015275;0,0137;8,9757;0;0;0;0;0
-0,0355813;0,0144875;-0,0256875;-0,03125;0,0061;8,9698;0;0;0;0;0
-0,0355813;0,0144875;-0,0256875;-0,03125;-0,0061;8,9576;0;0;0;0;0
-0,0355813;0,0144875;-0,0256875;0,03125;0,007;9,0332;0;0;0;0;0
-0,0355813;0,0144875;-0,0256875;0,03125;-0,007;9,0192;0;0;0;0;0
-0,0355813;0,0144875;0,0256875;-0,001075;0,01215;9,0574;0;0;0;0;0
-0,0355813;0,0144875;0,0256875;-0,001075;-0,01215;9,0331;0;0;0;0;0
-0,0355813;0,0144875;0,0256875;0,001075;-0,0023;9,0451;0;0;0;0;0
-0,0355813;0,0144875;0,0256875;0,001075;0,0023;9,0497;0;0;0;0;0
0,0499875;0,0287375;0,0102625;-0,000525;0,00175;9,0937;0;0;0;0;0
0,0499875;0,0287375;0,0102625;-0,000525;-0,00175;9,0902;0;0;0;0;0
0,0499875;0,0287375;0,0102625;0,000525;-0,0121;9,0809;0;0;0;0;0
0,0499875;0,0287375;0,0102625;0,000525;0,0121;9,1051;0;0;0;0;0
0,0499875;0,0287375;-0,0102625;0,0073;-0,00375;9,0755;0;0;0;0;0
0,0499875;0,0287375;-0,0102625;0,0073;0,00375;9,083;0;0;0;0;0
0,0499875;0,0287375;-0,0102625;-0,0073;0,01525;9,0799;0;0;0;0;0
0,0499875;0,0287375;-0,0102625;-0,0073;-0,01525;9,0494;0;0;0;0;0
0,0499875;-0,0287375;-0,0240375;0,01205;-0,00105;9,0117;0;0;0;0;0
0,0499875;-0,0287375;-0,0240375;0,01205;0,00105;9,0138;0;0;0;0;0
0,0499875;-0,0287375;-0,0240375;-0,01205;0,00275;8,9914;0;0;0;0;0
0,0499875;-0,0287375;-0,0240375;-0,01205;-0,00275;8,9859;0;0;0;0;0
0,0499875;-0,0287375;0,0240375;0,002125;-0,0242;9,0267;0;0;0;0;0
0,0499875;-0,0287375;0,0240375;0,002125;0,0242;9,0751;0;0;0;0;0
0,0499875;-0,0287375;0,0240375;-0,002125;-0,00075;9,0459;0;0;0;0;0
0,0499875;-0,0287375;0,0240375;-0,002125;0,00075;9,0474;0;0;0;0;0
-0,0499875;0,0593625;0,0274625;0,002225;0,00085;9,0434;0;0;0;0;0
-0,0499875;0,0593625;0,0274625;0,002225;-0,00085;9,0417;0;0;0;0;0
-0,0499875;0,0593625;0,0274625;-0,002225;0,0101;9,0482;0;0;0;0;0
-0,0499875;0,0593625;0,0274625;-0,002225;-0,0101;9,028;0;0;0;0;0
-0,0499875;0,0593625;-0,0274625;0,0139;0,0073;9,0066;0;0;0;0;0
-0,0499875;0,0593625;-0,0274625;0,0139;-0,0073;8,992;0;0;0;0;0
-0,0499875;0,0593625;-0,0274625;-0,0139;0,0119;8,9834;0;0;0;0;0
-0,0499875;0,0593625;-0,0274625;-0,0139;-0,0119;8,9596;0;0;0;0;0
-0,0499875;-0,0593625;0,0195125;0,0062;0,01095;8,9308;0;0;0;0;0
-0,0499875;-0,0593625;0,0195125;0,0062;-0,01095;8,9089;0;0;0;0;0
-0,0499875;-0,0593625;0,0195125;-0,0062;0,01475;8,9222;0;0;0;0;0
-0,0499875;-0,0593625;0,0195125;-0,0062;-0,01475;8,8927;0;0;0;0;0
-0,0499875;-0,0593625;-0,0195125;0,010475;0,0207;8,9058;0;0;0;0;0
-0,0499875;-0,0593625;-0,0195125;0,010475;-0,0207;8,8644;0;0;0;0;0
-0,0499875;-0,0593625;-0,0195125;-0,010475;0,01325;8,8774;0;0;0;0;0
-0,0499875;-0,0593625;-0,0195125;-0,010475;-0,01325;8,8509;0;0;0;0;0
2,77373;3,33594;0,000375;-0,004525;-0,00855;8,8707;0;0;0;0;0
2,77373;3,33594;0,000375;-0,004525;0,00855;8,8878;0;0;0;0;0
2,77373;3,33594;0,000375;0,004525;0,0071;8,8954;0;0;0;0;0
2,77373;3,33594;0,000375;0,004525;-0,0071;8,8812;0;0;0;0;0
2,77373;3,33594;-0,000375;0,020325;0,01315;8,9165;0;0;0;0;0
2,77373;3,33594;-0,000375;0,020325;-0,01315;8,8902;0;0;0;0;0
2,77373;3,33594;-0,000375;-0,020325;0,019;8,8817;0;0;0;0;0
2,77373;3,33594;-0,000375;-0,020325;-0,019;8,8437;0;0;0;0;0
2,77373;-3,33594;2,21151;4,42302;-0,00535;8,8407;0;0;0;0;0
2,77373;-3,33594;2,21151;4,42302;0,00535;8,8514;0;0;0;0;0
2,77373;-3,33594;2,21151;-4,42302;0;0;0;0;0;0;0
